Workbook
Name NativeTimeline_Order_Date: #N/A

Sheet Analysis
A2: Sum of Order Value | B2: Column Labels
B3: Accessories | D3: Accessories Total | E3: Electronics | G3: Electronics Total | H3: Grand Total
A4: Row Labels | B4: Premium | C4: Regular | E4: Premium | F4: Regular
A5: Ahmedabad | C5: 800 | D5: 800 | H5: 800
A6: Bangalore | B6: 4000 | D6: 4000 | E6: 4500 | G6: 4500 | H6: 8500
A7: Delhi | C7: 800 | D7: 800 | F7: 3000 | G7: 3000 | H7: 3800
A8: Mumbai | B8: 2000 | D8: 2000 | E8: 2400 | G8: 2400 | H8: 4400
A9: Pune | F9: 4800 | G9: 4800 | H9: 4800
A10: Grand Total | B10: 6000 | C10: 1600 | D10: 7600 | E10: 6900 | F10: 7800 | G10: 14700 | H10: 22300
A13: Revenue Distribution across Customer sections | F13: Observations
A14: Portion of revenue from Premium customers | D14: =(GETPIVOTDATA("Order Value",Analysis!$A$2,"Segment","Premium","Category","Accessories")+GETPIVOTDATA("Order Value",Analysis!$A$2,"Segment","Premium","Category","Electronics"))/(GETPIVOTDATA("Order Value",Analysis!$A$2))*100 -> 57.847534 | F14: Observed Zero sales from the electronics segment in Ahmedabad and zero sales from the acessories segment in Pune.
A15: Portion of revenue from Regular customers | D15: =(GETPIVOTDATA("Order Value",Analysis!$A$2,"Segment","Regular","Category","Accessories")+GETPIVOTDATA("Order Value",Analysis!$A$2,"Segment","Regular","Category","Electronics"))/(GETPIVOTDATA("Order Value",Analysis!$A$2))*100 -> 42.152466 | F15: Company has to rewire their sales and marketing strategies in these cities to stay competitve

Sheet Order Data
A1: Order_ID | B1: Order_Date | C1: Customer_ID | D1: Product_ID | E1: Quantity | F1: Customer Name | G1: Segment | H1: Product Name | I1: Category | J1: Unit Price | K1: Order Value | L1: City
A2: O1001 | B2: 45292 | C2: C101 | D2: P201 | E2: 2 | F2: =IFERROR(VLOOKUP(C2,'Customer Data'!$A$2:$D$6,2,TRUE),"Not Found") -> Amit Sharma | G2: =_xlfn.XLOOKUP(F2,'Customer Data'!$B$2:$B$6,'Customer Data'!$D$2:$D$6,,0,1) -> Premium | H2: =_xlfn.XLOOKUP(D2,'Product Data'!$A$2:$A$5,'Product Data'!$B$2:$B$5,,0,1) -> Wireless Mouse | I2: =_xlfn.XLOOKUP(D2,'Product Data'!$A$2:$A$5,'Product Data'!$C$2:$C$5,,0,1) -> Electronics | J2: =_xlfn.XLOOKUP('Order Data'!D2,'Product Data'!$A$2:$A$5,'Product Data'!$D$2:$D$5,,0,1) -> 1200 | K2: =E2*J2 -> 2400 | L2: =_xlfn.XLOOKUP(Table2[[#This Row],[Customer Name]],'Customer Data'!$B$2:$B$6,'Customer Data'!$C$2:$C$6,,0,1) -> Mumbai
A3: O1002 | B3: 45293 | C3: C102 | D3: P203 | E3: 1 | F3: =IFERROR(VLOOKUP(C3,'Customer Data'!$A$2:$D$6,2,TRUE),"Not Found") -> Neha Verma | G3: =_xlfn.XLOOKUP(F3,'Customer Data'!$B$2:$B$6,'Customer Data'!$D$2:$D$6,,0,1) -> Regular | H3: =_xlfn.XLOOKUP(D3,'Product Data'!$A$2:$A$5,'Product Data'!$B$2:$B$5,,0,1) -> USB Hub | I3: =_xlfn.XLOOKUP(D3,'Product Data'!$A$2:$A$5,'Product Data'!$C$2:$C$5,,0,1) -> Accessories | J3: =_xlfn.XLOOKUP('Order Data'!D3,'Product Data'!$A$2:$A$5,'Product Data'!$D$2:$D$5,,0,1) -> 800 | K3: =E3*J3 -> 800 | L3: =_xlfn.XLOOKUP(Table2[[#This Row],[Customer Name]],'Customer Data'!$B$2:$B$6,'Customer Data'!$C$2:$C$6,,0,1) -> Delhi
A4: O1003 | B4: 45293 | C4: C103 | D4: P202 | E4: 3 | F4: =IFERROR(VLOOKUP(C4,'Customer Data'!$A$2:$D$6,2,TRUE),"Not Found") -> Rahul Iyer | G4: =_xlfn.XLOOKUP(F4,'Customer Data'!$B$2:$B$6,'Customer Data'!$D$2:$D$6,,0,1) -> Premium | H4: =_xlfn.XLOOKUP(D4,'Product Data'!$A$2:$A$5,'Product Data'!$B$2:$B$5,,0,1) -> Keyboard | I4: =_xlfn.XLOOKUP(D4,'Product Data'!$A$2:$A$5,'Product Data'!$C$2:$C$5,,0,1) -> Electronics | J4: =_xlfn.XLOOKUP('Order Data'!D4,'Product Data'!$A$2:$A$5,'Product Data'!$D$2:$D$5,,0,1) -> 1500 | K4: =E4*J4 -> 4500 | L4: =_xlfn.XLOOKUP(Table2[[#This Row],[Customer Name]],'Customer Data'!$B$2:$B$6,'Customer Data'!$C$2:$C$6,,0,1) -> Bangalore
A5: O1004 | B5: 45294 | C5: C101 | D5: P204 | E5: 1 | F5: =IFERROR(VLOOKUP(C5,'Customer Data'!$A$2:$D$6,2,TRUE),"Not Found") -> Amit Sharma | G5: =_xlfn.XLOOKUP(F5,'Customer Data'!$B$2:$B$6,'Customer Data'!$D$2:$D$6,,0,1) -> Premium | H5: =_xlfn.XLOOKUP(D5,'Product Data'!$A$2:$A$5,'Product Data'!$B$2:$B$5,,0,1) -> Laptop Stand | I5: =_xlfn.XLOOKUP(D5,'Product Data'!$A$2:$A$5,'Product Data'!$C$2:$C$5,,0,1) -> Accessories | J5: =_xlfn.XLOOKUP('Order Data'!D5,'Product Data'!$A$2:$A$5,'Product Data'!$D$2:$D$5,,0,1) -> 2000 | K5: =E5*J5 -> 2000 | L5: =_xlfn.XLOOKUP(Table2[[#This Row],[Customer Name]],'Customer Data'!$B$2:$B$6,'Customer Data'!$C$2:$C$6,,0,1) -> Mumbai
A6: O1005 | B6: 45295 | C6: C104 | D6: P201 | E6: 4 | F6: =IFERROR(VLOOKUP(C6,'Customer Data'!$A$2:$D$6,2,TRUE),"Not Found") -> Pooja Singh | G6: =_xlfn.XLOOKUP(F6,'Customer Data'!$B$2:$B$6,'Customer Data'!$D$2:$D$6,,0,1) -> Regular | H6: =_xlfn.XLOOKUP(D6,'Product Data'!$A$2:$A$5,'Product Data'!$B$2:$B$5,,0,1) -> Wireless Mouse | I6: =_xlfn.XLOOKUP(D6,'Product Data'!$A$2:$A$5,'Product Data'!$C$2:$C$5,,0,1) -> Electronics | J6: =_xlfn.XLOOKUP('Order Data'!D6,'Product Data'!$A$2:$A$5,'Product Data'!$D$2:$D$5,,0,1) -> 1200 | K6: =E6*J6 -> 4800 | L6: =_xlfn.XLOOKUP(Table2[[#This Row],[Customer Name]],'Customer Data'!$B$2:$B$6,'Customer Data'!$C$2:$C$6,,0,1) -> Pune
A7: O1006 | B7: 45296 | C7: C102 | D7: P202 | E7: 2 | F7: =IFERROR(VLOOKUP(C7,'Customer Data'!$A$2:$D$6,2,TRUE),"Not Found") -> Neha Verma | G7: =_xlfn.XLOOKUP(F7,'Customer Data'!$B$2:$B$6,'Customer Data'!$D$2:$D$6,,0,1) -> Regular | H7: =_xlfn.XLOOKUP(D7,'Product Data'!$A$2:$A$5,'Product Data'!$B$2:$B$5,,0,1) -> Keyboard | I7: =_xlfn.XLOOKUP(D7,'Product Data'!$A$2:$A$5,'Product Data'!$C$2:$C$5,,0,1) -> Electronics | J7: =_xlfn.XLOOKUP('Order Data'!D7,'Product Data'!$A$2:$A$5,'Product Data'!$D$2:$D$5,,0,1) -> 1500 | K7: =E7*J7 -> 3000 | L7: =_xlfn.XLOOKUP(Table2[[#This Row],[Customer Name]],'Customer Data'!$B$2:$B$6,'Customer Data'!$C$2:$C$6,,0,1) -> Delhi
A8: O1007 | B8: 45297 | C8: C105 | D8: P203 | E8: 1 | F8: =IFERROR(VLOOKUP(C8,'Customer Data'!$A$2:$D$6,2,TRUE),"Not Found") -> Kunal Mehta | G8: =_xlfn.XLOOKUP(F8,'Customer Data'!$B$2:$B$6,'Customer Data'!$D$2:$D$6,,0,1) -> Regular | H8: =_xlfn.XLOOKUP(D8,'Product Data'!$A$2:$A$5,'Product Data'!$B$2:$B$5,,0,1) -> USB Hub | I8: =_xlfn.XLOOKUP(D8,'Product Data'!$A$2:$A$5,'Product Data'!$C$2:$C$5,,0,1) -> Accessories | J8: =_xlfn.XLOOKUP('Order Data'!D8,'Product Data'!$A$2:$A$5,'Product Data'!$D$2:$D$5,,0,1) -> 800 | K8: =E8*J8 -> 800 | L8: =_xlfn.XLOOKUP(Table2[[#This Row],[Customer Name]],'Customer Data'!$B$2:$B$6,'Customer Data'!$C$2:$C$6,,0,1) -> Ahmedabad
A9: O1008 | B9: 45298 | C9: C103 | D9: P204 | E9: 2 | F9: =IFERROR(VLOOKUP(C9,'Customer Data'!$A$2:$D$6,2,TRUE),"Not Found") -> Rahul Iyer | G9: =_xlfn.XLOOKUP(F9,'Customer Data'!$B$2:$B$6,'Customer Data'!$D$2:$D$6,,0,1) -> Premium | H9: =_xlfn.XLOOKUP(D9,'Product Data'!$A$2:$A$5,'Product Data'!$B$2:$B$5,,0,1) -> Laptop Stand | I9: =_xlfn.XLOOKUP(D9,'Product Data'!$A$2:$A$5,'Product Data'!$C$2:$C$5,,0,1) -> Accessories | J9: =_xlfn.XLOOKUP('Order Data'!D9,'Product Data'!$A$2:$A$5,'Product Data'!$D$2:$D$5,,0,1) -> 2000 | K9: =E9*J9 -> 4000 | L9: =_xlfn.XLOOKUP(Table2[[#This Row],[Customer Name]],'Customer Data'!$B$2:$B$6,'Customer Data'!$C$2:$C$6,,0,1) -> Bangalore

Sheet Customer Data
A1: Customer_ID | B1: Customer_Name | C1: City | D1: Segment
A2: C101 | B2: Amit Sharma | C2: Mumbai | D2: Premium
A3: C102 | B3: Neha Verma | C3: Delhi | D3: Regular
A4: C103 | B4: Rahul Iyer | C4: Bangalore | D4: Premium
A5: C104 | B5: Pooja Singh | C5: Pune | D5: Regular
A6: C105 | B6: Kunal Mehta | C6: Ahmedabad | D6: Regular

Sheet Product Data
A1: Product_ID | B1: Product_Name | C1: Category | D1: Unit_Price
A2: P201 | B2: Wireless Mouse | C2: Electronics | D2: 1200
A3: P202 | B3: Keyboard | C3: Electronics | D3: 1500
A4: P203 | B4: USB Hub | C4: Accessories | D4: 800
A5: P204 | B5: Laptop Stand | C5: Accessories | D5: 2000
